{
  "City":{
    "Mumbai":{"State":"Maharashtra","divisions":"Konkan"},
    "Delhi":{"State":"National Capital Territory of Delhi"},
    "Bengaluru":{"State":"Karnataka"},
    "Kolkata":{"State":"West Bengal"},
    "Hyderabad":{"State":["Telangana","Andhra Pradesh"]}
  },
  "States":{
    "Andhra Pradesh": {
      "capital":["Hyderabad"],
      "regions":["Coastal Andhra","Rayalaseema"],
      "divisions":[],
      "districts":["Anantapur", "Chittoor", "East Godavari", "Guntur", "Kadapa", "Krishna", "Kurnool", "Prakasam", "Nellore", "Srikakulam", "Visakhapatnam", "Vizianagaram", "West Godavari"],
      "headquarters":[],
      "largest_city":[]
    },
    "Arunachal Pradesh":{
      "capital":["Itanagar"],
      "divisions":["East","West"],
      "districts":["Lohit District", "Anjaw District", "Changlang District", "Tirap District", "Lower Dibang Valley District", "East Siang District", "Upper Siang District", "Namsai District", "Siang District", "Longding District", "Upper Dibang Valley District","Tawang District", "West Kameng District", "East Kameng District", "Papum Pare District", "Kurung Kumey District", "Kra Daadi District", "West Siang District", "Lower Siang district", "Upper Subansiri District", "Papum Pare district", "Kamle District", "Lower Subansiri District"],
      "headquarters":["Namsai","Lower Subansiri"],
      "largest_city":[],
      "regions":[]
    },
    "Assam":{
      "capital":["Dispur"],
      "divisions":["Upper Assam","Lower Assam","North Assam","Central Assam","Barak Valley"],
      "districts":["Baksa", "Barpeta", "Biswanath", "Bongaigaon", "Cachar", "Charaideo", "Chirang", "Darrang", "Dhemaji", "Dhubri", "Dibrugarh", "Dima Hasao", "Goalpara", "Golaghat", "Hailakandi", "Hojai", "Jorhat", "Kamrup Metropolitan", "Kamrup", "Karbi Anglong", "Karimganj", "Kokrajhar", "Lakhimpur", "Majuli", "Morigaon", "Nagaon", "Nalbari", "Sivasagar", "Sonitpur", "South Salmara-Mankachar", "Tinsukia", "Udalguri", "West Karbi"],
      "headquarters":["Jorhat","Guwahati","Tezpur","Nagaon","Sichar"],
      "largest_city":[],
      "regions":[]
    },
    "Bihar":{
      "capital":["Patna"],
      "divisions":["Patna","Tirhut","Saran","Darbhanga","Kosi","Purnia","Bhagalpur","Munger","Magadh"],
      "districts":["Araria", "Arwal", "Aurangabad", "Banka", "Begusarai", "Bhagalpur", "Bhojpur", "Buxar", "Darbhanga", "East Champaran", "Gaya", "Gopalganj", "Jamui", "Jehanabad", "Khagaria", "Kishanganj", "Kaimur", "Katihar", "Lakhisarai", "Madhubani", "Munger", "Madhepura", "Muzaffarpur", "Nalanda", "Nawada", "Patna", "Purnia", "Rohtas", "Saharsa", "Samastipur", "Sheohar", "Sheikhpura", "Saran", "Sitamarhi", "Supaul", "Siwan", "Vaishali", "West Champaran"],
      "headquarters":["Araria", "Arwal", "Aurangabad", "Banka", "Begusarai", "Bhagalpur", "Arrah", "Buxar", "Darbhanga", "Motihari", "Gaya", "Gopalganj", "Jamui", "Jehanabad", "Khagaria", "Kishanganj", "Bhabua", "Katihar", "Lakhisarai", "Madhubani", "Munger", "Madhepura", "Muzaffarpur", "Bihar Sharif", "Nawada", "Patna", "Purnia", "Sasaram", "Saharsa", "Samastipur", "Sheohar", "Sheikhpura", "Chhapra", "Dumra, Sitamarhi", "Supaul", "Siwan", "Hajipur", "Bettiah"],
      "largest_city":[],
      "regions":[]
    },
    "Chhattisgarh":{
      "capital":["Naya Raipur"],
      "divisions":["Bastar Division","Durg Division","Raipur Division","Bilaspur Division","Surguja Division"],
      "districts":["Raipur", "Bilaspur", "Durg", "Korba", "Raigarh", "Rajnandgaon", "Koriya", "Surguja", "Balrampur-Ramanujganj", "Jashpur", "Surajpur", "Mungeli", "Kabirdham", "Bemetara", "Balod", "Baloda Bazar-Bhatapara", "Gariaband", "Mahasamund", "Dhamtari", "Bijapur", "Narayanpur", "Kanker", "Bastar", "Dantewada", "Kondagaon"],
      "headquarters":["Raipur", "Bilaspur", "Durg", "Korba", "Raigarh", "Rajnandgaon", "Baikunthpur", "Ambikapur", "Balrampur", " Jashpur-Nagar", "Surajpur", "Mungeli", "Kawardha", "Bemetara", "Balod", "Baloda Bazar", "Gariaband", "Mahasamund", "Dhamtari", "Bijapur", "Narayanpur", "Kanker", "Jagdalpur", "Dantewada", "Kondagaon"],
      "largest_city":["Raipur", "Bilaspur", "Bhilai", "Korba", "Raigarh", "Rajnandgaon", "Chirmiri", "Ambikapur", "Balrampur", " Jashpur-Nagar", "Surajpur", "Mungeli", "Kawardha", "Bemetara", "Balod", "Bhatapara", "Gariaband", "Mahasamund", "Dhamtari", "Bijapur", "Narayanpur", "Kanker", "Jagdalpur", "Dantewada", "Kondagaon"],
      "regions":[]
    },
    "Goa":{
      "capital":["Panaji"],
      "districts":["North Goa","South Goa"],
      "headquarters":["Panaji","Margao"],
      "largest_city":["Panaji", "Margao", "Vasco da Gama", "Mapusa", "Ponda", "Valpoi"],
      "regions":[]
    },
    "Gujarat":{
      "capital":["Gandhinagar"],
      "regions":["South Gujarat", "Central Gujarat", "North Gujarat", "Saurashtra–Kutch"],
      "districts":["Ahmedabad", "Amreli", "Anand", "Aravalli", "Banaskantha", "Bharuch", "Bhavnagar", "Botad", "Chhota Udaipur", "Dahod", "Dang", "Devbhoomi Dwarka", "Gandhinagar", "Gir Somnath", "Jamnagar", "Junagadh", "Kutch", "Kheda", "Mahisagar", "Mehsana", "Morbi", "Narmada", "Navsari", "Panchmahal", "Patan", "Porbandar", "Rajkot", "Sabarkantha", "Surat", "Surendranagar", "Tapi", "Vadodara", "Valsad"],
      "headquarters":["Ahmedabad", "Amreli", "Anand", "Modasa", "Palanpur", "Bharuch", "Bhavnagar", "Botad", "Chhota Udaipur", "Dahod", "Ahwa", "Khambhalia", "Gandhinagar", "Veraval", "Jamnagar", "Junagadh", "Bhuj", "Nadiad", "Lunavada", "Mehsana", "Morbi", "Rajpipla", "Navsari", "Godhra", "Patan", "Porbandar", "Rajkot", "Himmatnagar", "Surat", "Surendranagar", "Vyara", "Vadodara", "Valsad"],
      "largest_city":[]
    },
    "Haryana":{
      "capital":["Chandigarh"],
      "divisions":["Ambala","Faridabad","Gurgaon","Hisar","Rohtak","Karnal"],
      "districts":["Ambala", "Bhiwani", "Charkhi Dadri", "Faridabad", "Fatehabad", "Gurugram", "Hisar", "Jhajjar", "Jind", "Kaithal", "Karnal", "Kurukshetra", "Mahendragarh", "Nuh", "Palwal", "Panchkula", "Panipat", "Rewari", "Rohtak", "Sirsa", "Sonipat", "Yamunanagar"],
      "headquarters":["Ambala", "Bhiwani", "Charkhi Dadri", "Faridabad", "Fatehabad", "Gurugram", "Hisar", "Jhajjar", "Jind", "Kaithal", "Karnal", "Kurukshetra", "Narnaul", "Nuh", "Palwal", "Panchkula", "Panipat", "Rewari", "Rohtak", "Sirsa", "Sonipat", "Yamunanagar"],
      "largest_city":[],
      "regions":[]
    },
    "Himachal Pradesh":{
      "capital":["Shimla","Dharmshala"],
      "divisions":["Kangra","Mandi","Shimla"],
      "districts":["Bilaspur", "Chamba", "Hamirpur", "Kangra", "Kinnaur", "Kullu", "Lahaul And Spiti", "Mandi", "Shimla", "Sirmaur", "Solan", "Una"],
      "headquarters":["Bilaspur", "Chamba", "Hamirpur", "Dharamsala", "Reckong Peo", "Kullu", "Keylong", "Mandi", "Shimla", "Nahan", "Solan", "Una"],
      "largest_city":[],
      "regions":[]
    },
    "Jammu and Kashmir":{
      "capital":["Srinagar","Jammu"],
      "divisions":["Kashmir","Jammu","Ladakh"],
      "districts_new":["Kupwara", "Badgam", "Leh (Ladakh)", "Kargil", "Punch", "Rajauri", "Kathua", "Baramula", "Bandipore", "Srinagar", "Ganderbal", "Pulwama", "Shupiyan", "Anantnag", "Kulgam", "Doda", "Ramban", "Kishtwar", "Udhampur", "Reasi", "Jammu", "Samba"],
      "sub_districts": ["Kupwara", "Handwara", "Karnah", "Beerwah", "Khansahib", "Badgam", "Chadura", "Charar- E- Shrief", "Leh", "Kargil", "Haveli", "Mendhar", "Surankote", "Thanamandi", "Rajauri", "Nowshehra", "Sunderbani", "Billawar", "Bashohli", "Kathua", "Hiranagar", "Sopore", "Rafiabad", "Pattan", "Baramula", "Uri", "Gulmarg/ Tangmarg", "Bandipore", "Sonawari", "Srinagar (North)", "Srinagar (South)", "Lar", "Ganderbal", "Pampore", "Awantipora", "Tral", "Pulwama", "Shupiyan", "Pahalgam", "Bijbehara", "Anantnag", "Shangus", "Koker Nag", "Duru", "Kulgam", "Devsar", "Doda", "Bhaderwah", "Banihal", "Ramban", "Kishtwar", "Udhampur", "Chenani", "Ramnagar", "Reasi", "Akhnoor", "Jammu", "Ranbirsinghpora", "Bishna", "Samba"],
      "districts":["Doda District", "Jammu District", "Kathua District", "Kishtwar District", "Poonch District", "Rajouri District", "Ramban District", "Reasi District", "Samba District", "Udhampur District", "Anantnag District", "Bandipora District", "Baramulla District", "Budgam District Mir Inayat Gul", "Ganderbal District", "Kulgam District", "Kupwara District", "Pulwama District", "Shopian District", "Srinagar District", "Kargil District", "Leh District"],
      "headquarters":["Doda", "Jammu", "Kathua", "Kishtwar", "Poonch", "Rajouri", "Ramban", "Reasi", "Samba", "Udhampur", "Anantnag", "Bandipora", "Baramulla", "Budgam", "Ganderbal", "Kulgam", "Kupwara", "Pulwama", "Shopian", "Srinagar", "Kargil", "Leh"],
      "town":["Srinagar", "Anantnag", "Kupwara", "Dara Pora", "Sool Koot", "Heri", "Trehgam", "Kral Pora", "Drug Mulla", "Handwara", "Tangdhar", "Nowangabra", "Magam", "Beerwah", "Khansahib", "Badgam", "Ichgam", "Chadura", "Nagam", "Charar-I-Sharief", "Leh Ladakh", "Spituk", "Chuglamsar", "Kargil", "Punch", "Naka Majiari", "Surankote", "Thanamandi", "Rajauri", "Nowshehra", "Sunderbani", "Billawar", "Bashohli", "Lakhanpur", "Kathua", "Parole", "Hiranagar", "Sopore", "Watra Gam", "Pattan", "Baramula", "Uri", "Kunzer", "Gulmarg", "Bandipore", "Hajan", "Sumbal", "Badami Bagh", "Khonmoh ", "Now Gam ", "Lasjan", "Safa Pora", "Ganderbal", "Wail", "Pampora", "Khrew", "Awantipora", "Tral", "Pulwama", "Shupiyan", "Pahalgam", "Aishmuquam", "Bijbehara", "Arwani", "Mattan", "Achhabal", "Seer Hamdan", "Shangus", "Koker Nag", "Qazi Gund", "Duru Verinag", "Kulgam", "Quimoh", "Frisal", "Yari Pora", "Ashmuji Khalsa", "Mehmood Pora", "Devsar", "Doda", "Bhaderwah", "Banihal", "Ramban", "Batote", "Kishtwar", "Udhampur", "Rehambal", "Rathian", "Kud", "Chenani", "Ram Nagar", "Reasi", "Purana Daroorh", "Katra", "Talwara", "Marhi", "Jourian", "Akhnoor", "Khore", "Jammu", "Jammu Cantt.", "Ghomanhasan", "Bhalwal", "Raipur Domana", "Chak Ratnu", "Nagrota", "Chak  Kalu", "Rakh Gadi Garh", "Bhore", "Chhatha", "R.S. Pora", "Dhande Kalan", "Maralia", "Nihalpur Simbal", "Bishna", "Arnia", "Bari Brahamana", "Vijay Pur", "Samba", "Ramgarh", "Gorah Salathian", "Birpur"],
      "largest_city":[],
      "regions":[]
    },
    "Jharkhand":{
      "capital":["Ranchi"],
      "divisions":["Palamu Division","North Chotanagpur Division","South Chotanagpur Division","Kolhan Division","Santhal Pargana Division"],
      "districts":["Palamu","Garhwa","Latehar","Chatra","Hazaribagh","Koderma","Giridih","Ramgarh","Bokaro","Dhanbad","Lohardaga", "Gumla", "Simdega", "Ranchi", "Khunti","West Singhbhum", "Saraikela Kharsawan", "East Singhbhum","Jamtara", "Deoghar", "Dumka", "Pakur", "Godda", "Sahebganj"],
      "headquarters":["Medininagar","Hazaribagh","Ranchi","Chaibasa","Dumka"],
      "largest_city":[],
      "regions":[]
    },
    "Karnataka":{
      "capital":["Bengaluru"],
      "divisions":[],
      "districts":["Bagalkot", "Bengaluru Urban", "Bengaluru Rural", "Belagavi", "Ballari", "Bidar", "Vijayapur", "Chamarajanagar", "Chikballapur", "Chikkamagaluru", "Chitradurga", "Dakshina Kannada", "Davanagere", "Dharwad", "Gadag", "Kalaburagi", "Hassan", "Haveri", "Kodagu", "Kolar", "Koppal", "Mandya", "Mysuru", "Raichur", "Ramanagara", "Shivamogga", "Tumakuru", "Udupi", "Uttara Kannada", "Yadgir"],
      "headquarters":["Bagalkot", "Bengaluru", "Bengaluru", "Belagavi", "Ballari", "Bidar", "Vijayapur", "Chamarajanagar", "Chikballapur", "Chikkamagaluru", "Chitradurga", "Mangaluru", "Davanagere", "Dharwad", "Gadag", "Kalaburagi", "Hassan", "Haveri", "Madikeri", "Kolar", "Koppal", "Mandya", "Mysuru", "Raichur", "Ramanagara", "Shivamogga", "Tumakuru", "Udupi", "Karwar", "Yadgir"],
      "largest_city":[],
      "regions":[]
    },
    "Kerala":{
      "capital":["Thiruvananthapuram"],
      "regions":["North Malabar","South Malabar","Kochi","Northern Travancore"," Central Travancore","Southern Travancore"],
      "districts":["Alappuzha", "Ernakulam", "Idukki", "Kannur", "Kasaragod", "Kollam", "Kottayam", "Kozhikode", "Malappuram", "Palakkad", "Pathanamthitta", "Thiruvananthapuram", "Thrissur", "Wayanad"],
      "headquarters":["Alappuzha", "Kakkanad", "Painavu", "Kannur", "Kasaragod", "Kollam", "Kottayam", "Kozhikode", "Malappuram", "Palakkad", "Pathanamthitta", "Thiruvananthapuram", "Thrissur", "Kalpetta"],
      "largest_city":[],
      "divisions":[]
    },
    "Madhya Pradesh":{
      "capital":["Bhopal"],
      "regions":["Kaimur Plateau and Satpura Hills","Bundelkhand Region","Vindhyan Plateau (Hills)","Satpura Plateau (Hills)","Narmada valley","Malwa Plateau","Wainganga valley","Nimar Plateau","Gird (Gwalior) Region","Jhabua Hills"],
      "divisions":["Bhopal Division","Chambal Division","Gwalior Division","Indore Division","Jabalpur Division","Narmadapuram Division","Rewa Division","Sagar Division","Shahdol Division","Ujjain Division"],
      "districts":["Bhopal District", "Raisen District", "Rajgarh District", "Sehore District", "Vidisha District", "Morena District", "Sheopur District", "Bhind District", "Gwalior District", "Ashoknagar District", "Shivpuri District", "Datia District", "Guna District", "Alirajpur District", "Barwani District", "Burhanpur District", "Indore District", "Dhar District", "Jhabua District", "Khandwa District", "Khargone District", "Balaghat District", "Chhindwara District", "Jabalpur District", "Katni District", "Mandla District", "Narsinghpur District", "Seoni District", "Dindori District", "Betul District", "Harda District", "Hoshangabad District", "Rewa District", "Satna District", "Sidhi District", "Singrauli District", "Chhatarpur District", "Damoh District", "Panna District", "Sagar District", "Tikamgarh District", "Niwari District", "Anuppur District", "Shahdol District", "Umaria District", "Agar Malwa District", "Dewas District", "Mandsaur District", "Neemuch District", "Ratlam District", "Shajapur District", "Ujjain District"],
      "headquarters":["Bhopal","Indore","Gwalior","Jabalpur","Rewa","Sagar","Shahdol","Ujjain","Morena","Betul"],
      "largest_city":[]
    },
    "Maharashtra":{
      "capital":["Mumbai"],
      "regions":["Vidarbha","Marathwada","Konkan","Vidarbha","Khandesh","Paschim Maharashtra"],
      "divisions":["Amravati Division","Aurangabad Division","Konkan Division","Nagpur Division","Nashik Division","Pune Division"],
      "districts":["Akola", "Amravati", "Buldana", "Yavatmal", "Washim", "Aurangabad", "Beed", "Jalna", "Osmanabad", "Nanded", "Latur", "Parbhani", "Hingoli", "Mumbai City", "Mumbai Suburban", "Thane", "Palghar", "Raigad", "Ratnagiri", "Sindhudurg", "Bhandara", "Chandrapur", "Gadchiroli", "Gondia", "Nagpur", "Wardha", "Ahmednagar", "Dhule", "Jalgaon", "Nandurbar", "Nashik", "Kolhapur", "Pune", "Sangli", "Satara", "Solapur"],
      "headquarters":["Amravati","Aurangabad","Thane","Nagpur","Nashik","Pune"],
      "largest_city":["Amravati","Aurangabad","Mumbai","Nagpur","Nashik","Pune"]
    },
    "Manipur":{
      "capital":["Imphal"],
      "regions":[],
      "divisions":[],
      "districts":[],
      "headquarters":[],
      "largest_city":[]
    },
    "Meghalaya":{
      "capital":["Shillong"],
      "regions":[],
      "divisions":["Jaintia Hills","Khasi Hills Division","Garo Hills Division"],
      "districts":["West Jaintia Hills","East Jaintia Hills","East Khasi Hills","West Khasi Hills","South West Khasi Hills","Ri-Bhoi","North Garo Hills","East Garo Hills","South Garo Hills","West Garo Hills","South West Garo Hills"],
      "headquarters":["Jowai","Khliehriat","Shillong","Nongstoin","Mawkyrwat","Resubelpara","Williamnagar","Baghmara","Tura","Ampati"],
      "largest_city":[]
    },
    "Mizoram":{
      "capital":["Aizawl"],
      "regions":[],
      "divisions":[],
      "districts":["Aizawl", "Kolasib", "Lawngtlai", "Lunglei", "Mamit", "Saiha", "Serchhip", "Champhai"],
      "headquarters":["Aizawl", "Kolasib", "Lawngtlai", "Lunglei", "Mamit", "Saiha", "Serchhip", "Champhai"],
      "largest_city":[]
    },
    "Nagaland":{
      "capital":["Kohima"],
      "regions":[],
      "divisions":["Nagaland"],
      "districts":["Dimapur District", "Kiphire District", "Kohima District", "Longleng District", "Mokokchung District", "Mon District", "Peren District", "Phek District", "Tuensang District", "Wokha District", "Zunheboto District", "Noklak District"],
      "headquarters":["Dimapur", "Kiphire", "Kohima", "Longleng", "Mokokchung", "Mon", "Peren", "Phek", "Tuensang", "Wokha", "Zunheboto", "Noklak"],
      "largest_city":[]
    },
    "Odisha":{
      "capital":["Bhubaneshwar"],
      "regions":[],
      "divisions":["Central Division","North Division","Southern Division"],
      "districts":["Angul", "Boudh", "Balangir", "Bargarh", "Balasore", "Bhadrak", "Cuttack", "Deogarh ", "Dhenkanal", "Ganjam", "Gajapati", "Jharsuguda", "Jajpur", "Jagatsinghapur", "Khordha", "Keonjhar", "Kalahandi", "Kandhamal", "Koraput", "Kendrapara", "Malkangiri", "Mayurbhanj", "Nabarangpur", "Nuapada", "Nayagarh", "Puri", "Rayagada", "Sambalpur", "Subarnapur", "Sundargarh"],
      "headquarters":["Angul", "Boudh", "Balangir", "Bargarh", "Balasore", "Bhadrak", "Cuttack", "Deogarh", "Dhenkanal", "Chhatrapur", "Paralakhemundi", "Jharsuguda", "Jajpur", "Jagatsinghapur", "Khordha", "Keonjhar", "Bhawanipatna", "Phulbani", "Koraput", "Kendrapara", "Malkangiri", "Baripada", "Nabarangapur", "Nuapada", "Nayagarh", "Puri", "Rayagada", "Sambalpur", "Sonepur", "Sundargarh"],
      "largest_city":[]
    },
    "Punjab":{
      "capital":["Chandigarh"],
      "regions":["Majha","Doaba","Malwa","Poadh"],
      "divisions":["Patiala","Rupnagar","Jalandhar","Faridkot","Firozepur"],
      "districts":["Amritsar", "Barnala", "Bathinda", "Faridkot", "Fatehgarh Sahib", "Firozpur", "Fazilka", "Gurdaspur", "Hoshiarpur", "Jalandhar", "Kapurthala", "Ludhiana", "Mansa", "Moga", "Sri Muktsar Sahib", "Pathankot", "Patiala", "Rupnagar", "Sahibzada Ajit Singh Nagar", "Sangrur", "Shahid Bhagat Singh Nagar", "Taran Taran"],
      "headquarters":["Amritsar", "Barnala", "Bathinda", "Faridkot", "Fatehgarh Sahib", "Firozpur", "Fazilka", "Gurdaspur", "Hoshiarpur", "Jalandhar", "Kapurthala", "Ludhiana", "Mansa", "Moga", "Sri Muktsar Sahib", "Pathankot", "Patiala", "Rupnagar", "Mohali", "Sangrur", "Nawanshahr", "Taran Taran Sahib"],
      "largest_city":[]
    },
    "Rajasthan":{
      "capital":["Jaipur"],
      "regions":[],
      "divisions":["Jaipur","Jodhpur","Ajmer","Udaipur","Bikaner","Kota","Bharatpur"],
      "districts":["Ajmer", "Alwar", "Banswara", "Baran", "Barmer", "Bharatpur", "Bhilwara", "Bikaner", "Bundi", "Chittorgarh", "Churu", "Dausa", "Dholpur", "Dungarpur", "Hanumangarh", "Jaipur", "Jaisalmer", "Jalor", "Jhalawar", "Jhunjhunu", "Jodhpur", "Karauli", "Kota", "Nagaur", "Pali", "Pratapgarh", "Rajsamand", "Sawai Madhopur", "Sikar", "Sirohi", "Sri Ganganagar", "Tonk", "Udaipur"],
      "headquarters":["Ajmer", "Alwar", "Banswara", "Baran", "Barmer", "Bharatpur", "Bhilwara", "Bikaner", "Bundi", "Chittorgarh", "Churu", "Dausa", "Dholpur", "Dungarpur", "Hanumangarh", "Jaipur", "Jaisalmer", "Jalore", "Jhalawar", "Jhunjhunu", "Jodhpur", "Karauli", "Kota", "Nagaur", "Pali", "Pratapgarh", "Rajsamand", "Sawai Madhopur", "Sikar", "Sirohi", "Sri Ganganagar", "Tonk", "Udaipur"],
      "largest_city":[]
    },
    "Sikkim":{
      "capital":["Gangtok"],
      "regions":[],
      "divisions":[],
      "districts":["East Sikkim","North Sikkim","South Sikkim","West Sikkim"],
      "headquarters":["Gangtok","Mangan","Namchi","Gyalshing"],
      "largest_city":[]
    },
    "Tamil Nadu":{
      "capital":["Chennai"],
      "regions":[],
      "divisions":[],
      "districts":["Ariyalur", "Chennai", "Coimbatore", "Cuddalore", "Dharmapuri", "Dindigul", "Erode", "Kallakurichi", "Kanchipuram", "Kanyakumari", "Karur", "Krishnagiri", "Madurai", "Nagapattinam", "Namakkal", "Nilgiris", "Perambalur", "Pudukkottai", "Ramanathapuram", "Salem", "Sivaganga", "Thanjavur", "Theni", "Thoothukudi", "Tiruchirappalli", "Tirunelveli", "Tirupur", "Tiruvallur", "Tiruvannamalai", "Tiruvarur", "Vellore", "Viluppuram", "Virudhunagar"],
      "headquarters":["Ariyalur", "Chennai", "Coimbatore", "Cuddalore", "Dharmapuri", "Dindigul", "Erode", "Kallakurichi", "Kanchipuram", "Kanyakumari", "Karur", "Krishnagiri", "Madurai", "Nagapattinam", "Namakkal", "Udagamandalam", "Perambalur", "Pudukkottai", "Ramanathapuram", "Salem", "Sivaganga", "Thanjavur", "Theni", "Thoothukudi", "Tiruchirappalli", "Tirunelveli", "Tirupur", "Tiruvallur", "Tiruvannamalai", "Tiruvarur", "Vellore", "Viluppuram", "Virudhunagar"],
      "largest_city":[]
    },
    "Telangana":{
      "capital":["Hyderabad"],
      "regions":[],
      "divisions":[],
      "districts":["Adilabad", "Bhadradri Kothagudem", "Hyderabad", "Jagtial", "Jangaon", "Jayashankar Bhupalapally", "Jogulamba Gadwal", "Kamareddy", "Karimnagar", "Khammam", "Kumarambheem Asifabad", "Mahabubabad", "Mahabubnagar", "Mancherial District", "Medak", "Medchal–Malkajgiri", "Nagarkurnool", "Narayanpet", "Mulug, Jayashankar District", "Nalgonda", "Nirmal", "Nizamabad", "Peddapalli", "Rajanna Sircilla", "Ranga Reddy", "Sangareddy", "Siddipet", "Suryapet", "Vikarabad", "Wanaparthy", "Warangal Rural", "Warangal Urban", "Yadadri Bhuvanagiri"],
      "headquarters":["Adilabad", "Kothagudem", "Hyderabad", "Jagtial", "Jangaon", "Bhupalpalle", "Gadwal", "Kamareddy", "Karimnagar", "Khammam", "Asifabad", "Mahabubabad", "Mahabubnagar", "Mancherial", "Medak", "Shamirpet", "Nagarkurnool", "Narayanapet District", "Nalgonda", "Nirmal", "Nizamabad", "Peddapalli", "Sircilla", "Shamshabad", "Sangareddy", "Siddipet", "Suryapet", "Vikarabad", "Wanaparthy", "Warangal", "Warangal", "Bhongir"],
      "largest_city":[]
    },
    "Tripura":{
      "capital":["Agartala"],
      "regions":[],
      "divisions":[],
      "districts":["Dhalai","Sipahijala","Khowai","Gomati","Unakoti", "North Tripura","South Tripura","West Tripura"],
      "headquarters":["Ambassa","Bishramganj", "Khowai","Udaipur","Kailashahar","Dharmanagar","Belonia","Agartala"],
      "largest_city":[]
    },
    "Uttar Pradesh":{
      "capital":["Lucknow"],
      "regions":[],
      "divisions":["Agra Division", "Aligarh Division", "Allahabad Division", "Azamgarh Division", "Bareilly Division", "Basti Division", "Chitrakoot Division", "Devipatan Division", "Faizabad Division", "Gorakhpur Division", "Jhansi Division", "Kanpur Division", "Lucknow Division", "Meerut Division", "Mirzapur Division", "Moradabad Division", "Saharanpur Division", "Varanasi Division"],
      "districts":["Agra", "Aligarh", "Prayagraj", "Ambedkar Nagar", "Amroha", "Auraiya", "Azamgarh", "Badaun", "Bahraich", "Ballia", "Balrampur", "Banda District", "Barabanki", "Bareilly", "Basti", "Bijnor", "Bulandshahr", "Chandauli(Varanasi Dehat)", "Chitrakoot", "Deoria", "Etah", "Etawah", "Faizabad", "Farrukhabad", "Fatehpur", "Firozabad", "Gautam Buddha Nagar", "Ghaziabad", "Ghazipur", "Gonda", "Gorakhpur", "Hamirpur", "Hapur District", "Hardoi", "Hathras", "Jaunpur District", "Jhansi", "Kannauj", "Kanpur Dehat", "Kanpur Nagar", "Kasganj", "Kaushambi", "Kushinagar", "Lakhimpur Kheri", "Lalitpur", "Lucknow", "Maharajganj", "Mahoba", "Mainpuri", "Mathura", "Mau", "Meerut", "Mirzapur", "Moradabad", "Muzaffarnagar", "Pilibhit", "Pratapgarh", "Rae Bareli", "Rampur", "Saharanpur", "Sant Kabir Nagar", "Sant Ravidas Nagar", "Sambhal", "Shahjahanpur", "Shamli", "Shravasti", "Siddharthnagar", "Sitapur", "Sonbhadra", "Sultanpur", "Unnao", "Varanasi (Kashi)"],
      "headquarters":["Agra", "Aligarh", "Prayagraj", "Akbarpur", "Amroha", "Auraiya", "Azamgarh", "Badaun", "Bahraich", "Ballia", "Balrampur", "Banda", "Barabanki", "Bareilly", "Basti", "Bijnor", "Bulandshahr", "Chandauli", "Chitrakoot", "Deoria", "Etah", "Etawah", "Faizabad", "Fatehgarh", "Fatehpur", "Firozabad", "Noida", "Ghaziabad", "Ghazipur", "Gonda", "Gorakhpur", "Hamirpur", "Hapur", "Hardoi", "Hathras", "Jaunpur", "Jhansi", "Kannauj", "Akbarpur", "Kanpur", "Kasganj", "Manjhanpur", "Padarauna", "Kheri", "Lalitpur", "Lucknow", "Maharajganj", "Mahoba", "Mainpuri", "Mathura", "Mau", "Meerut", "Mirzapur", "Moradabad", "Muzaffarnagar", "Pilibhit", "Pratapgarh", "Rae Bareli", "Rampur", "Saharanpur", "Khalilabad", "Gyanpur", "Sambhal", "Shahjahanpur", "Shamli", "Shravasti", "Navgarh", "Sitapur", "Robertsganj", "Sultanpur", "Unnao", "Varanasi "],
      "largest_city":[]
    },
    "Uttarakhand":{
      "capital":["Dehradun"],
      "regions":[],
      "divisions":["Kumaon Division","Garhwal Division"],
      "districts":["Almora", "Bageshwar", "Chamoli", "Champawat", "Dehradun", "Haridwar", "Nainital", "Pauri Garhwal", "Pithoragarh", "Rudraprayag", "Tehri Garhwal", "Udham Singh Nagar", "Uttarkashi"],
      "headquarters":["Almora", "Bageshwar", "Gopeshwar", "Champawat", "Dehradun", "Haridwar", "Nainital", "Pauri", "Pithoragarh", "Rudraprayag", "Tehri", "Rudrapur", "Uttarkashi"],
      "largest_city":[]
    },
    "West Bengal":{
      "capital":["Kolkata"],
      "regions":[],
      "divisions":["Malda division","Burdwan division","Jalpaiguri division","Presidency division","Medinipur division"],
      "districts":["Alipurduar", "Bankura", "Paschim Bardhaman", "Purba Bardhaman", "Birbhum", "Cooch Behar", "Darjeeling", "Uttar Dinajpur", "Dakshin Dinajpur", "Hooghly", "Howrah", "Jalpaiguri", "Jhargram", "Kolkata", " Kalimpong", "Malda", "Paschim Medinipur", "Purba Medinipur", "Murshidabad", "Nadia", "North 24 Parganas", "South 24 Parganas", "Purulia"],
      "headquarters":["Alipurduar", "Bankura", "Asansol", "Bardhaman", "Suri", "Cooch Behar", "Darjeeling", "Raiganj", "Balurghat", "Chinsura", "Howrah", "Jalpaiguri", "Jhargram", "Kolkata", "Kalimpong", "Malda City", "Medinipur", "Tamluk", "Baharampur", "Krishnanagar", "Barasat", "Alipore", "Purulia"],
      "largest_city":[]
    }
	},
  "Union territories":{
      "Andaman and Nicobar Islands":{
        "capital":["Port Blair"],
        "regions":[],
		"divisions":[],
		"districts":["North and Middle Andaman","South Andaman","Nicobar"],
		"headquarters":["Mayabunder", "Port Blair","Car Nicobar"],
		"largest_city":[]
      },
    "Chandigarh":{
      "capital":["Chandigarh"],
      "regions":[],
      "divisions":[],
      "districts":["Chandigarh","Panchkula","Mohali","Zirakpur"],
      "headquarters":["Chandigarh","Haryana","Punjab","Punjab"],
      "largest_city":[]
    },
    "Dadra and Nagar Haveli":{
      "capital":["Silvassa"],
      "regions":[],
      "divisions":[],
      "districts":["Nagar Haveli","Dadra"],
      "headquarters":["Silvassa"],
      "largest_city":[]
    },
    "Daman and Diu":{
      "capital":["Daman"],
      "regions":["Daman","Diu"],
      "divisions":[],
      "districts":["Diu District","Daman District"],
      "headquarters":["Daman","Diu"],
      "largest_city":[]
    },
    "Lakshadweep":{
      "capital":["Kavaratti"],
      "regions":[],
      "divisions":[],
      "districts":[],
      "headquarters":["Kavaratti"],
      "largest_city":[]},
    "Puducherry":{
      "capital":["Pondicherry"],
      "regions":[],
      "divisions":[],
      "districts":["Karaikal district","Mahé district","Pondicherry district","Yanam district"],
      "headquarters":["Karaikal","Mahé","Pondicherry","Yanam"],
      "largest_city":[]},
    "National Capital Territory of Delhi":{
      "capital":["New Delhi","Delhi"],
      "regions":[],
      "divisions":["Chanakyapuri", "Model Town", "Rohini", "Patel Nagar", "Dwarka", "Saket", "Defence Colony", "Kotwali", "Seelampur", "Shahdara", "Gandhi Nagar", "Delhi Cantonment", "Narela", "Kanjhawala", "Punjabi Bagh", "Najafgarh", "Hauz Khas", "Kalkaji", "Civil Lines", "Yamuna Vihar", "Seemapuri", "Preet Vihar", "Vasant Vihar", "Alipur", "Saraswati Vihar", "Rajouri Garden", "Kapashera", "Mehrauli", "Sarita Vihar", "Karol Bagh", "Karawal Nagar", "Vivek Vihar", "Mayur Vihar"],
      "districts":["New Delhi","North Delhi","North West Delhi","West Delhi","South Delhi","South East Delhi","South West Delhi","Central Delhi","North East Delhi","Shahdara","East Delhi"],
      "headquarters":["Connaught Place", "Alipur", "Kanjhawala", "Rajouri Garden", "Dwarka", "Saket", "Defence Colony", "Daryaganj", "Nand Nagri", "Shahdara", "Preet Vihar"],
      "largest_city":[]
    }
  }
}